id;year;title;subject;popularity;awards
0;1990;Tie Me Up! Tie Me Down!;COMEDY;68;False
1;1991;High Heels;COMEDY;68;False
2;1983;Dead Zone, The;HORROR;79;False
3;1979;Cuba;ACTION;6;False
4;1978;Days of Heaven;DRAMA;14;False
5;1983;Octopussy;ACTION;68;False
6;1984;Target Eagle;ACTION;14;False
7;1989;American Angels: Baptism of Blood, The;DRAMA;28;False
8;1985;Subway;DRAMA;6;False
9;1990;Camille Claudel;DRAMA;32;False
10;1982;Fanny and Alexander;DRAMA;81;True
11;1982;Tragedy of a Ridiculous Man;DRAMA;17;False
12;1966;A Man & a Woman;DRAMA;46;True
13;1986;A Man & a Woman: Twenty Years Later;DRAMA;49;False
14;1966;Un Hombre y una Mujer;DRAMA;6;True
15;1985;Official Story, The;DRAMA;39;True
16;1976;Lindbergh Kidnapping Case, The;DRAMA;51;False
17;1929;Blackmail;MYSTERY;2;False
18;1963;Donovan's Reef;COMEDY;62;False
19;1988;Tucker: The Man & His Dream;DRAMA;68;False
20;1988;Scrooged;COMEDY;15;False
21;1981;Raiders of the Lost Ark;ACTION;8;False
22;1987;Running Man, The;SCIENCE FICTION;31;False
23;1991;Predator 2;ACTION;79;False
24;1988;Colors;DRAMA;23;False
25;1990;Zandalee;DRAMA;80;False
26;1988;Miles from Home;DRAMA;53;False
27;1980;Happy Birthday to Me;HORROR;88;False
28;1989;Final Notice;MYSTERY;88;False
29;1979;Quintet;DRAMA;19;False
30;1960;Devil's Eye, The;DRAMA;20;False
31;1957;Wild Strawberries;DRAMA;42;True
32;1956;Seventh Seal, The;DRAMA;62;False
33;1992;Germicide;DRAMA;36;False
34;1955;Dreams;DRAMA;14;False
35;1955;Naked Night, The;DRAMA;38;False
36;1962;Through a Glass Darkly;DRAMA;64;True
37;1972;Cries & Whispers;DRAMA;18;True
38;1958;Barbarian & the Geisha, The;ACTION;52;False
39;1967;Casino Royale;COMEDY;11;False
40;1962;Dr. No;ACTION;7;False
41;1954;Elephant Walk;DRAMA;11;False
42;1979;Ten;COMEDY;60;False
43;1983;Man Who Loved Women, The;COMEDY;67;False
44;1966;Hawaii;DRAMA;8;False
45;1966;Torn Curtain;MYSTERY;35;False
46;1986;Duet for One;DRAMA;82;False
47;1965;Sound of Music, The;MUSIC;59;True
48;1985;Gonzo Presents Muppet Weird Stuff;COMEDY;88;False
49;1984;Tartuffe;COMEDY;67;False
50;1988;A New Life;COMEDY;53;False
51;1978;Magic;MYSTERY;85;False
52;1992;Tommy;MUSIC;5;False
53;1978;Big Fix, The;MYSTERY;19;False
54;1992;Alan & Naomi;DRAMA;3;False
55;1987;Fatal Attraction;MYSTERY;61;False
56;1992;Patriot Games;ACTION;28;False
57;1981;Woman Next Door, The;DRAMA;82;False
58;1992;Hunting;MYSTERY;68;False
59;1991;Bataan;WAR;68;False
60;1924;Siegfried, The Nibelungenlied;DRAMA;79;False
61;1991;Henry, Portrait of a Serial Killer;HORROR;69;False
62;1988;Big Blue, The;DRAMA;7;False
63;1991;Flight of the Intruder;DRAMA;51;False
64;1986;Nobody's Fool;COMEDY;52;False
65;1985;After Hours;COMEDY;81;False
66;1985;Desperately Seeking Susan;COMEDY;41;False
67;1971;A New Leaf;COMEDY;83;False
68;1959;Killers of Kilimanjaro;ACTION;11;False
69;1926;Don Juan;ACTION;55;False
70;1987;Babette's Feast;DRAMA;79;True
71;1989;Vincent, Francois, Paul & the Others;DRAMA;20;False
72;1988;Thunderball;ACTION;8;False
73;1926;Lodger (Story of the London Fog);MYSTERY;76;False
74;1988;Appointment with Death;MYSTERY;75;False
75;1974;Murder on the Orient Express;MYSTERY;8;True
76;1955;Blood Alley;WAR;15;False
77;1977;Spy Who Loved Me, The;ACTION;27;False
78;1988;Storm;ACTION;61;False
79;1991;Bloodbath;HORROR;37;False
80;1989;Miami Cops;ACTION;40;False
81;1996;Island of Dr. Moreau, The;HORROR;39;False
82;1992;Eighty-Four Charing Cross Road;DRAMA;9;False
83;1980;Elephant Man, The;DRAMA;3;True
84;1988;Dr Alien;SCIENCE FICTION;70;False
85;1982;Creepshow;HORROR;70;False
86;1987;Sammy & Rosie Get Laid;DRAMA;6;False
87;1971;Goalie's Anxiety at the Penalty Kick, The;DRAMA;62;False
88;1957;Mademoiselle Striptease;COMEDY;25;False
89;1969;Women, The;DRAMA;66;False
90;1958;That Naughty Girl;COMEDY;37;False
91;1959;Voulez-Vous Danser Avec Moi?;COMEDY;16;False
92;1967;A Coeur Joie, (Head Over Heels);ACTION;54;False
93;1968;Shalako;WESTERNS;0;False
94;1964;Contempt;DRAMA;81;False
95;1965;Dear Brigitte;COMEDY;71;False
96;1962;A Very Private Affair;DRAMA;30;False
97;1964;Ravishing Idiot, The;COMEDY;34;False
98;1958;Bride Is Much Too Beautiful, The;COMEDY;70;False
99;1955;Doctor at Sea;COMEDY;83;False
100;1962;Le Repos Du Guerrier, (Warrior's Rest);WAR;8;False
101;1957;And God Created Woman;DRAMA;29;False
102;1973;Ms. Don Juan;DRAMA;39;False
103;1987;Siesta;DRAMA;48;False
104;1932;Rich & Strange;DRAMA;57;False
105;1987;Lionheart;ACTION;9;False
106;1982;E. T. The Extra-Terrestrial;SCIENCE FICTION;8;True
107;1992;Cool World;DRAMA;44;False
108;1988;Nadine;COMEDY;47;False
109;1989;Batman;ACTION;14;False
110;1987;Blind Date;COMEDY;7;False
111;1982;Mother Lode;ACTION;40;False
112;1992;Final Analysis;DRAMA;50;False
113;1983;Never Say Never Again;ACTION;8;False
114;1986;Nine & a Half Weeks;DRAMA;7;False
115;1989;Killjoy;MYSTERY;71;False
116;1986;No Mercy;DRAMA;11;False
117;1991;Marrying Man, The;COMEDY;84;False
118;1990;Misery;HORROR;48;True
119;1946;Crisis;DRAMA;66;False
120;1984;Samson & Delilah;DRAMA;36;False
121;1990;Act of Piracy;MYSTERY;74;False
122;1988;Split Decisions;DRAMA;52;False
123;1989;Vampire's Kiss;COMEDY;49;False
124;1988;Nightmare at Noon;ACTION;0;False
125;1990;Presumed Innocent;MYSTERY;69;False
126;1942;Reap the Wild Wind;DRAMA;59;False
127;1972;Pocket Money;COMEDY;55;False
128;1977;Mary White;DRAMA;2;False
129;1982;Catch a Rising Star, Tenth Anniversary;COMEDY;18;False
130;1990;Guilty by Suspicion;DRAMA;88;False
131;1948;Secret Beyond the Door;MYSTERY;31;False
132;1945;Scarlet Street;DRAMA;80;False
133;1988;Daffy Duck's Quackbusters;ACTION;68;False
134;1985;Rowlf's Rhapsodies with the Muppets;COMEDY;79;False
135;1982;Gandhi;DRAMA;7;True
136;1975;Wind & the Lion, The;ACTION;2;False
137;1971;Carnal Knowledge;DRAMA;10;False
138;1970;Getting Straight;COMEDY;83;False
139;1972;Scarlet Letter, The;DRAMA;55;False
140;1935;Count of Old Town, The;COMEDY;72;False
141;1978;Autumn Sonata;DRAMA;49;True
142;1944;Gaslight;DRAMA;25;True
143;1958;Indiscreet;DRAMA;1;False
144;1941;Walpurgis Night;DRAMA;32;False
145;1948;Joan of Arc;DRAMA;7;False
146;1982;A Woman Called Golda;DRAMA;15;True
147;1969;A Walk in the Spring Rain;DRAMA;2;False
148;1949;Under Capricorn;DRAMA;74;False
149;1946;Notorious;MYSTERY;42;False
150;1940;June Night;DRAMA;14;False
151;1961;Goodbye Again;DRAMA;6;False
152;1956;Anastasia;DRAMA;24;True
153;1945;Bells of St. Mary's, The;DRAMA;31;False
154;1937;Intermezzo;DRAMA;32;False
155;1938;A Woman's Face;DRAMA;49;False
156;1935;Swedenhielms;DRAMA;88;False
157;1939;Only One Night;DRAMA;26;False
158;1938;Dollar;DRAMA;19;False
159;1956;Elena & Her Men;DRAMA;33;False
160;1952;Europa Fifty-One;DRAMA;34;False
161;1953;Voyage in Italy;DRAMA;57;False
162;1954;Fear;DRAMA;69;False
163;1950;Stromboli;DRAMA;69;False
164;1969;Cactus Flower;COMEDY;67;True
165;1989;Hideaways;COMEDY;16;False
166;1990;Twenty Four Hours in a Woman's Life;DRAMA;16;False
167;1987;Programmed to Kill;ACTION;71;False
168;1982;Conan the Barbarian;ACTION;45;False
169;1991;Raw Nerve;MYSTERY;88;False
170;1970;Think Dirty;COMEDY;31;False
171;1982;King of Comedy;DRAMA;84;False
172;1983;Best of the Big Laff Off, The;COMEDY;20;False
173;1984;Amadeus;DRAMA;6;True
174;1973;White Lightning;ACTION;54;False
175;1988;Unbearable Lightness of Being, The;DRAMA;5;True
176;1972;Life & Times of Judge Roy Bean, The;WESTERN;65;False
177;1970;Airport;DRAMA;0;True
178;1973;Day for Night;DRAMA;10;True
179;1952;Secrets of Women;COMEDY;66;False
180;1976;Burnt Offerings;HORROR;35;False
181;1969;Easy Rider;DRAMA;36;False
182;1991;Five Easy Pieces;DRAMA;2;False
183;1974;Day of the Locust, The;DRAMA;81;False
184;1964;Goldfinger;ACTION;77;False
185;1977;Exorcist II, The Heretic;HORROR;29;False
186;1953;White Lightning;;;False
187;1942;Lady for a Night;DRAMA;12;False
188;1968;Charly;DRAMA;38;True
189;1973;High Plains Drifter;WESTERN;57;False
190;1982;Honkytonk Man;DRAMA;69;False
191;1990;Nightbreed;HORROR;72;False
192;1987;Under the Sun of Satan;DRAMA;45;False
193;1985;Vagabond;DRAMA;49;False
194;1993;Bill Cosby, Live at Harrah's;COMEDY;13;False
195;1974;Monty Python & the Holy Grail;COMEDY;83;False
196;1993;John Cleese on How to Irritate People;COMEDY;62;False
197;1958;Matchmaker, The;COMEDY;67;False
198;1981;For Your Eyes Only;ACTION;86;False
199;1928;Wings;WAR;44;True
200;1992;Medicine Man;ACTION;6;False
201;1989;Good Fellas;DRAMA;15;False
202;1985;Kiss of the Spider Woman;DRAMA;10;True
203;1990;Rookie, THe;ACTION;48;False
204;1973;Sting, The;DRAMA;83;True
205;1958;Torpedo Run;WAR;50;False
206;1986;Instant Justice;DRAMA;45;False
207;1990;Cyrano de Bergerac;DRAMA;76;False
208;1948;Border Street;DRAMA;73;False
209;1987;Firehouse;COMEDY;66;False
210;1965;Morituri;DRAMA;9;False
211;1980;From the Life of the Marionettes;DRAMA;58;False
212;1988;Frantic;MYSTERY;17;False
213;1978;Coma;SCIENCE FICTION;64;False
214;1988;Dead Ringers;DRAMA;29;False
215;1988;Golden Ninja Invasion;ACTION;13;False
216;1973;Exorcist, The;HORROR;28;True
217;1975;Alice Doesn't Live Here Anymore;COMEDY;82;True
218;1982;Eyes of the Amaryllis, The;DRAMA;70;False
219;1952;What Price Glory?;WAR;4;False
220;1954;Inauguration of the Pleasure Dome;SHORT;62;False
221;1989;School Daze;COMEDY;18;False
222;1990;End of Innocence, The;DRAMA;6;False
223;1971;Anderson Tapes, The;MYSTERY;1;False
224;1983;Father Murphy, A Horse from Heaven;COMEDY;28;False
225;1989;Skull;DRAMA;19;False
226;1987;Quick & The Dead, The;WESTERN;40;False
227;1984;Best Defense;COMEDY;75;False
228;1984;Dreamscape;SCIENCE FICTION;63;False
229;1989;Black Rain;ACTION;73;False
230;1963;8 1/2;DRAMA;80;True
231;1935;One Frightened Night;HORROR;33;False
232;1988;Year My Voice Broke, The;DRAMA;71;False
233;1966;Is Paris Burning?;WAR;63;False
234;1974;QB VII;DRAMA;28;True
235;1977;Island of Dr. Moreau, The;HORROR;54;False
236;1983;Beyond the Limit;DRAMA;51;False
237;1936;Secret Agent;MYSTERY;50;False
238;1986;Paramount Comedy Theater: Well-Developed;COMEDY;40;False
239;1972;Big Bust Out, The;ACTION;50;False
240;1987;Fourth Protocol, The;MYSTERY;14;False
241;1990;Gremlins 2: The New Batch;COMEDY;61;False
242;1982;Fast Times at Ridgemont High;COMEDY;65;False
243;1987;Mannequin;COMEDY;23;False
244;1977;Rabid;HORROR;34;False
245;1990;Party, The;COMEDY;32;False
246;1989;Vampire Raiders, Ninja Queen;ACTION;15;False
247;1970;Bloopers from Star Trek;COMEDY;22;False
248;1943;Destroyer;ACTION;87;False
249;1992;Party Girl;COMEDY;85;False
250;1989;Twin Peaks;MYSTERY;86;False
251;1987;Moonstruck;COMEDY;6;True
252;1987;Witches of Eastwick, The;COMEDY;8;False
253;1979;Moonraker;ACTION;32;False
254;1984;Beat Street;DRAMA;72;False
255;1986;Running Out of Luck;COMEDY;16;False
256;1989;Never on Tuesday;DRAMA;77;False
257;1975;Shampoo;COMEDY;69;True
258;1985;Power;DRAMA;43;False
259;1965;Darling;DRAMA;44;True
260;1963;Ugly American, The;DRAMA;63;False
261;1931;Ambassador Bill;COMEDY;66;False
262;1931;Big Trail, The;WESTERN;22;False
263;1967;Hombre;WESTERN;50;False
264;1968;Coogan's Bluff;ACTION;57;False
265;1989;Penn & Teller Get Killed;COMEDY;12;False
266;1987;Shy People;DRAMA;7;False
267;1980;It's My Turn;COMEDY;0;False
268;1988;Dangerous Liaisons;DRAMA;77;False
269;1990;Reversal of Fortune;DRAMA;73;True
270;1991;Meeting Venus;COMEDY;74;False
271;1946;Tomorrow Is Forever;DRAMA;65;False
272;1987;Like Father Like Son;COMEDY;20;False
273;1948;Rope;DRAMA;39;False
274;1962;Road to Hong Kong;COMEDY;37;False
275;1989;Shirley Valentine;COMEDY;51;False
276;1992;City of Joy;DRAMA;87;False
277;1966;Appaloosa, The;WESTERN;15;False
278;1986;Seven Minutes in Heaven;COMEDY;49;False
279;1991;Hearts of Darkness, A Filmmaker's Apocalypse;DRAMA;72;False
280;1961;Tonight for Sure;COMEDY;4;False
281;1990;White Hunter, Black Heart;ADVENTURE;66;False
282;1962;Sundays & Cybele;DRAMA;11;True
283;1989;Puppet Master;SCIENCE FICTION;20;False
284;1991;Night Gallery;HORROR;31;False
285;1989;Pet Sematary;HORROR;27;False
286;1992;America's Music, Gospel;MUSIC;13;False
287;1977;Slap Shot;COMEDY;82;False
288;1987;O. C. & Stiggs;COMEDY;3;False
289;1988;A Fish Called Wanda;COMEDY;7;True
290;1954;A Lesson in Love;COMEDY;48;False
291;1957;Brink of Life;DRAMA;57;False
292;1986;Betty Blue;DRAMA;71;False
293;1979;Hair;MUSIC;67;False
294;1989;National Lampoon's Christmas Vacation;COMEDY;81;False
295;1974;Dersu Uzala, (The Hunter);ADVENTURE;81;True
296;1990;Alice;COMEDY;22;False
297;1980;Fifth Floor, The;MYSTERY;74;False
298;1990;Snow Kill;DRAMA;35;False
299;1971;People, The;DRAMA;36;False
300;1969;True Grit;WESTERN;77;True
301;1942;Battle of Midway, The;WAR;75;False
302;1948;Three Godfathers;WESTERN;72;False
303;1965;Hush, Hush, Sweet Charlotte;MYSTERY;68;False
304;1946;A Stolen Life;DRAMA;20;False
305;1939;Old Maid, The;DRAMA;18;False
306;1950;All about Eve;DRAMA;23;True
307;1986;Fly, The;HORROR;33;False
308;1990;Quick Change;COMEDY;24;False
309;1988;Lair of the White Worm, The;HORROR;16;False
310;1989;Rainbow, The;DRAMA;53;False
311;1956;Man Who Knew Too Much, The;MYSTERY;15;False
312;1992;Beauty & the Beast;SCIENCE FICTION;14;False
313;1940;Foreign Correspondent;MYSTERY;61;False
314;1949;Heiress, The;DRAMA;81;True
315;1986;Boy Who Could Fly, The;DRAMA;25;False
316;1975;Terrorists, The;ACTION;4;False
317;1942;Wheel of Fortune;DRAMA;36;False
318;1989;Do the Right Thing;DRAMA;5;False
319;1990;Court-Martial of Jackie Robinson, The;DRAMA;33;False
320;1967;Elvira Madigan;DRAMA;28;False
321;1992;Hurricane Smith;ACTION;16;False
322;1987;Fair Game;ACTION;24;False
323;1989;Rape of the Sabines, The;ACTION;83;False
324;1983;Risky Business;COMEDY;28;False
325;1980;I Love All of You (Je Vous Aime);DRAMA;40;False
326;1986;Love Songs;DRAMA;15;False
327;1983;Le Choix des Armes;MYSTERY;15;False
328;1981;Choice of Arms;ACTION;87;False
329;1977;March or Die;WAR;59;False
330;1980;Last Metro, The;DRAMA;66;False
331;1986;Jean de Florette;DRAMA;87;True
332;1989;Fat Man & Little Boy;DRAMA;86;False
333;1990;Wild at Heart;DRAMA;6;False
334;1989;Family Business;ACTION;5;False
335;1988;Stand & Deliver;DRAMA;19;False
336;1981;Looker;SCIENCE FICTION;62;False
337;1989;Fire & Rain;ACTION;10;False
338;1990;Best of Candid Camera, The;COMEDY;12;False
339;1940;Seven Sinners;DRAMA;24;False
340;1961;Judgment at Nuremberg;DRAMA;39;True
341;1989;Minsky's Follies;COMEDY;12;False
342;1990;Novice, The;COMEDY;72;False
343;1987;Wings of Desire;DRAMA;71;False
344;1991;Until the End of the World;DRAMA;57;False
345;1987;Castaway;DRAMA;41;False
346;1993;Alfred Hitchcock Presents, Sorcerer's Apprentice;MYSTERY;60;False
347;1991;Delicatessen;COMEDY;78;False
348;1979;Great Train Robbery, The;MYSTERY;7;False
349;1991;Hanover Street;DRAMA;81;False
350;1991;Hunchback;DRAMA;33;False
351;1946;My Darling Clementine;WESTERN;12;False
352;1950;Wagon Master;WESTERN;30;False
353;1949;She Wore a Yellow Ribbon;WESTERN;84;False
354;1985;Fantasy Man;COMEDY;82;False
355;1986;Monster in the Closet;COMEDY;39;False
356;1992;Double Edge;DRAMA;69;False
357;1976;Network;COMEDY;48;True
358;1974;Chinatown;DRAMA;55;True
359;1975;Three Days of the Condor;DRAMA;87;False
360;1977;Voyage of the Damned;DRAMA;34;False
361;1987;Barfly;DRAMA;23;False
362;1990;Wait Until Spring, Bandini;DRAMA;20;False
363;1947;Life with Father;COMEDY;10;False
364;1943;A Guy Named Joe;DRAMA;42;False
365;1974;Stavisky;DRAMA;1;False
366;1981;Time Bandits;COMEDY;5;False
367;1980;Shining, The;HORROR;32;False
368;1945;Flame of Barbary Coast;WESTERN;54;False
369;1993;Naked Truth, The;COMEDY;34;False
370;1979;Brood, The;HORROR;51;False
371;1970;Molly Maguires, The;ACTION;3;False
372;1984;Beverly Hills Cop;COMEDY;41;False
373;1991;Blind Man's Bluff;MYSTERY;64;False
374;1961;La Dolce Vita;DRAMA;20;False
375;1966;After the Fox;COMEDY;60;False
376;1974;Man with the Golden Gun, The;ACTION;41;False
377;1985;Marbella;ACTION;45;False
378;1967;Bobo, The;COMEDY;80;False
379;1993;Big Bands, The;MUSIC;48;False
380;1992;Killer Image.;MYSTERY;8;False
381;1987;Kandyland;DRAMA;41;False
382;1987;Campus Man;DRAMA;38;False
383;1956;Jubal;DRAMA;32;False
384;1985;Purple Rose of Cairo, The;COMEDY;20;True
385;1984;Broadway Danny Rose;COMEDY;14;False
386;1992;Husbands & Wives;COMEDY;80;False
387;1986;Hannah & Her Sisters;COMEDY;8;True
388;1979;Hurricane;ACTION;8;False
389;1986;Between Two Women;DRAMA;52;False
390;1981;Cannonball Run, The;COMEDY;80;False
391;1936;Doughnuts & Society;COMEDY;28;False
392;1978;Holocaust;DRAMA;1;False
393;1990;Meridian;SCIENCE FICTION;47;False
394;1992;Diary of a Hitman;DRAMA;67;False
395;1988;Gor;ACTION;2;False
396;1987;Surrender;COMEDY;84;False
397;1984;Places in the Heart;DRAMA;83;True
398;1991;Not Without My Daughter;DRAMA;55;False
399;1977;Heroes;DRAMA;17;False
400;1981;Absence of Malice;DRAMA;76;False
401;1979;Norma Rae;DRAMA;64;True
402;1989;Steel Magnolias;DRAMA;66;False
403;1989;Burbs, The;COMEDY;42;False
404;1980;Empire Strikes Back, The;SCIENCE FICTION;33;False
405;1977;Star Wars;SCIENCE FICTION;44;False
406;1983;Return of the Jedi;SCIENCE FICTION;4;False
407;1991;Hear My Song;DRAMA;72;False
408;1956;Slightly Scarlet;ACTION;52;False
409;1957;Gunfight at the OK Corral;WESTERN;84;False
410;1931;Range Feud, The;WESTERN;51;False
411;1990;Bloodsucking Pharaohs in Pittsburgh;COMEDY;79;False
412;1972;Roma;DRAMA;75;False
413;1979;China Syndrome, The;DRAMA;43;False
414;1986;Morning After, The;MYSTERY;6;False
415;1971;Klute;DRAMA;15;True
416;1979;Electric Horseman, The;COMEDY;34;False
417;1965;Cat Ballou;COMEDY;62;True
418;1991;Coming Home;DRAMA;1;True
419;1940;Rebecca;DRAMA;78;True
420;1944;Jane Eyre;DRAMA;44;False
421;1973;Stacey!;ACTION;31;False
422;1992;Naked Obsession;MYSTERY;26;False
423;1989;Stripped to Kill II, Live Girls;MYSTERY;80;False
424;1990;Rain Killer, The;MYSTERY;10;False
425;1983;Valley Girl;COMEDY;30;False
426;1991;Silence of the Lambs, The;MYSTERY;8;True
427;1988;Stealing Home;DRAMA;76;False
428;1972;Napoleon & Samantha;COMEDY;33;False
429;1988;Five Corners;DRAMA;88;False
430;1955;Blackboard Jungle, The;DRAMA;66;False
431;1989;My Left Foot;DRAMA;32;True
432;1987;Back to the Beach;COMEDY;45;False
433;1934;Painted Veil, The;DRAMA;57;False
434;1931;Inspiration;DRAMA;66;False
435;1930;Anna Christie;DRAMA;0;False
436;1926;Flesh & the Devil, The;DRAMA;72;False
437;1928;Woman of Affairs;DRAMA;83;False
438;1935;Anna Karenina;DRAMA;35;True
439;1936;Camille;DRAMA;74;False
440;1931;Mata Hari;DRAMA;67;False
441;1929;Wild Orchids;DRAMA;70;False
442;1932;Grand Hotel;DRAMA;81;True
443;1931;Susan Lennox, Her Fall & Rise;DRAMA;64;False
444;1939;Ninotchka;COMEDY;40;False
445;1933;Queen Christina;DRAMA;82;False
446;1928;Mysterious Lady, The;DRAMA;72;False
447;1925;Joyless Street;DRAMA;73;False
448;1929;Single Standard, The;DRAMA;73;False
449;1932;As You Desire Me;DRAMA;85;False
450;1930;Romance;DRAMA;62;False
451;1962;A Child Is Waiting;DRAMA;60;False
452;1982;Tootsie;COMEDY;8;True
453;1989;Let It Ride;COMEDY;88;False
454;1953;Julius Caesar;DRAMA;50;False
455;1979;Nineteen Forty-One;COMEDY;24;False
456;1975;Jaws;ACTION;6;False
457;1987;Hot Pursuit;DRAMA;44;False
458;1989;Triumph of the Spirit;DRAMA;49;False
459;1975;Brannigan;DRAMA;64;False
460;1979;Buffet Froid;COMEDY;75;False
461;1986;Salvador;DRAMA;77;False
462;1959;Horse Soldiers, The;WESTERN;76;False
463;1954;Long John Silver;ACTION;56;False
464;1961;Hustler, The;DRAMA;43;True
465;1983;Star Chamber, The;DRAMA;3;False
466;1988;Clara's Heart;DRAMA;60;False
467;1987;Burglar;COMEDY;44;False
468;1986;Comic Relief;COMEDY;69;False
469;1978;Bloodbrothers;DRAMA;11;False
470;1988;Rain Man;DRAMA;8;True
471;1966;Masculine Feminine;DRAMA;20;False
472;1964;Outer Limits, The;SCIENCE FICTION;27;False
473;1988;Mama's Dirty Girls;HORROR;62;False
474;1979;Last Ride of the Dalton Gang, The;WESTERN;62;False
475;1991;Why Me?;COMEDY;74;False
476;1932;Number Seventeen;CRIME;66;False
477;1986;Manhunter;DRAMA;19;False
478;1990;Bonfire of the Vanities, The;DRAMA;82;False
479;1988;Working Girl;COMEDY;25;False
480;1992;Shining Through;MYSTERY;11;False
481;1991;Slumber Party Massacre III;HORROR;40;False
482;1988;Tokyo Pop;COMEDY;2;False
483;1991;Terminator 2;ACTION;8;False
484;1984;Terminator, The;ACTION;17;False
485;1986;King Kong Lives!;ACTION;20;False
486;1969;Those Daring Young Men in Their Jaunty;COMEDY;59;False
487;1991;At Play in the Fields of the Lord;DRAMA;81;False
488;1990;Crazy People;COMEDY;61;False
489;1992;Memoirs of an Invisible Man;COMEDY;58;False
490;1985;Clan of the Cave Bear, The;DRAMA;73;False
491;1983;Final Terror, The;HORROR;24;False
492;1984;Reckless;DRAMA;14;False
493;1989;High Spirits;COMEDY;53;False
494;1987;Roxanne;COMEDY;66;False
495;1982;Blade Runner;ACTION;1;False
496;1987;Wall Street;DRAMA;6;True
497;1992;Pope of Greenwich Village;DRAMA;58;False
498;1989;After School;DRAMA;59;False
499;1938;Flaming Frontiers;WESTERN;82;False
500;1936;Libeled Lady;COMEDY;86;False
501;1976;Inserts;DRAMA;85;False
502;1988;Blue Iguana, The;DRAMA;65;False
503;1983;Tender Mercies;DRAMA;61;True
504;1987;Nights in White Satin;DRAMA;5;False
505;1989;Videodrome;HORROR;36;False
506;1991;Intimate Stranger;MYSTERY;23;False
507;1986;Highlander;SCIENCE FICTION;8;False
508;1987;Bodycount;ACTION;51;False
509;1989;Tango & Cash;ACTION;9;False
510;1970;There's a Girl in My Soup;COMEDY;41;False
511;1984;Swing Shift;DRAMA;81;False
512;1978;Foul Play;COMEDY;46;False
513;1982;Best Friends;COMEDY;74;False
514;1972;Butterflies Are Free;DRAMA;82;True
515;1987;Overboard;COMEDY;6;False
516;1974;Girl from Petrovka, The;DRAMA;23;False
517;1992;Housesitter;COMEDY;14;False
518;1986;Wildcats;COMEDY;22;False
519;1984;Protocol;COMEDY;53;False
520;1980;Seems Like Old Times;COMEDY;49;False
521;1974;Sugarland Express, The;DRAMA;28;False
522;1980;Private Benjamin;COMEDY;61;False
523;1991;Deceived;MYSTERY;55;False
524;1931;Arrowsmith;DRAMA;84;False
525;1972;Say Goodbye Maggie Cole;DRAMA;84;False
526;1964;Circus World;DRAMA;29;False
527;1952;Affair in Trinidad;DRAMA;49;False
528;1948;Lady from Shanghai;MYSTERY;16;False
529;1940;Lady in Question;DRAMA;57;False
530;1946;Gilda;DRAMA;57;False
531;1948;Loves of Carmen, The;DRAMA;48;False
532;1990;Dick Tracy;COMEDY;84;False
533;1964;Marnie;DRAMA;2;False
534;1987;Hot Child in the City;MYSTERY;0;False
535;1984;Johnny Dangerously;COMEDY;3;False
536;1985;Stark;MYSTERY;27;False
537;1949;Three Strange Loves;DRAMA;87;False
538;1964;My Fair Lady;MUSIC;10;True
539;1960;Unforgiven, The;DRAMA;32;False
540;1976;Robin & Marian;ACTION;6;False
541;1961;Children's Hour, The;DRAMA;60;False
542;1956;Rainmaker, The;DRAMA;21;False
543;1952;Pat & Mike;COMEDY;48;False
544;1968;Lion in Winter, THe;DRAMA;78;True
545;1991;Sea of Grass, The;WESTERN;75;False
546;1967;Guess Who's Coming to Dinner;DRAMA;50;True
547;1957;Desk Set;COMEDY;51;False
548;1975;Rooster Cogburn;WESTERN;76;False
549;1981;On Golden Pond;DRAMA;23;True
550;1991;Adam's Rib;COMEDY;62;False
551;1991;Boom Town;DRAMA;73;False
552;1991;Dragon Seed;DRAMA;34;False
553;1991;Little Women;DRAMA;22;False
554;1991;Philadelphia Story, The;COMEDY;25;False
555;1991;Without Love;COMEDY;66;False
556;1991;Woman of the Year;COMEDY;12;False
557;1992;Juice;DRAMA;31;False
558;1986;Hoosiers;DRAMA;2;False
559;1987;Tin Men;COMEDY;50;False
560;1988;Last Temptation of Christ, The;DRAMA;32;False
561;1991;Paris Trout;DRAMA;53;False
562;1988;Souvenir;DRAMA;42;False
563;1966;A Man for All Seasons;DRAMA;20;True
564;1986;Knights & Emeralds;DRAMA;;False
565;1989;Masque of the Red Death;HORROR;9;False
566;1943;Adventures of Smilin' Jack, The;MYSTERY;77;False
567;1992;Adventures in Dinosaur City;ACTION;19;False
568;1987;Allnighter, The;COMEDY;71;False
569;1980;Caddyshack;COMEDY;70;False
570;1973;Tom Sawyer;MUSIC;11;False
571;1987;Rita, Sue & Bob Too;COMEDY;5;False
572;1947;Hawk of Powder River;WESTERN;61;False
573;1928;Tempest;DRAMA;33;False
574;1986;Running Mates;DRAMA;63;False
575;1987;Prettykill;DRAMA;71;False
576;1934;Judge Priest;DRAMA;9;False
577;1950;Harvey;COMEDY;42;False
578;1991;If Looks Could Kill;ACTION;10;False
579;1987;Raising Arizona;COMEDY;23;False
580;1989;Once Around;COMEDY;68;False
581;1980;Loulou;DRAMA;65;False
582;1982;World According to Garp, The;DRAMA;59;False
583;1980;Virus;SCIENCE FICTION;62;False
584;1940;Northwest Passage;ACTION;51;False
585;1987;Gardens of Stone;DRAMA;27;False
586;1989;Enemies, a Love Story;DRAMA;5;False
587;1992;Addams Family, The;COMEDY;8;False
588;1932;Freaks;HORROR;61;False
589;1991;Necessary Roughness;COMEDY;60;False
590;1990;A Show of Force;DRAMA;1;False
591;1980;Competition, The;DRAMA;45;False
592;1988;Crossing Delancey;COMEDY;6;False
593;1982;State of Things, The;DRAMA;73;False
594;1987;Business As Usual;COMEDY;17;False
595;1973;A Touch of Class;COMEDY;79;True
596;1970;Women in Love.;DRAMA;18;False
597;1988;Salome's Last Dance;COMEDY;76;False
598;1986;Casino;MYSTERY;5;False
599;1955;Smiles of a Summer Night;COMEDY;58;False
600;1989;New Year's Day;COMEDY;88;False
601;1981;Mephisto;DRAMA;80;True
602;1927;Easy Virtue;MYSTERY;45;False
603;1937;Swing It Sailor!;COMEDY;6;False
604;1991;Strictly Business;COMEDY;3;False
605;1983;Blame It on Rio;COMEDY;10;False
606;1987;Straight to Hell;ACTION;47;False
607;1990;A View to a Kill;ACTION;44;False
608;1986;American Anthem;DRAMA;74;False
609;1963;Bedtime Story;COMEDY;7;False
610;1991;Courtship of Eddie's Father, The;COMEDY;43;False
611;1988;Night Train to Katmandu, THe;ACTION;43;False
612;1948;Port of Call;DRAMA;29;False
613;1973;Paper Moon;COMEDY;3;True
614;1983;Yellowbeard;COMEDY;34;False
615;1975;Adventures of Sherlock Holmes' Smarter;COMEDY;42;False
616;1990;Flashback;COMEDY;19;False
617;1977;World's Greatest Lover, The;COMEDY;42;False
618;1955;Killer's Kiss;MYSTERY;66;False
619;1988;Deceivers, The;ACTION;14;False
620;1983;Breathless;ACTION;51;False
621;1989;Born on the Fourth of July;DRAMA;8;True
622;1991;Awakenings;DRAMA;8;False
623;1977;Annie Hall;COMEDY;68;True
624;1979;Manhattan;COMEDY;82;True
625;1981;Reds;DRAMA;76;True
626;1986;Crimes of the Heart;COMEDY;84;False
627;1977;Looking for Mr. Goodbar;DRAMA;54;False
628;1972;Godfather, The;DRAMA;8;True
629;1974;Godfather, Pt 2., The;DRAMA;8;True
630;1976;I Will, I Will...For Now;COMEDY;6;False
631;1972;Play It Again, Sam;COMEDY;81;False
632;1975;Love & Death;COMEDY;84;False
633;1973;Sleeper;COMEDY;59;False
634;1970;Fellini Satyricon;DRAMA;88;False
635;1980;Formula, The;MYSTERY;82;False
636;1977;Black Sunday;DRAMA;76;False
637;1977;Bobby Deerfield;DRAMA;36;False
638;1972;Last of the Red Hot Lovers;COMEDY;40;False
639;1953;Mogambo;ACTION;71;False
640;1955;To Catch a Thief;MYSTERY;69;False
641;1954;Rear Window;MYSTERY;25;False
642;1945;Woman Who Came Back;DRAMA;26;False
643;1939;Stanley & Livingstone;ACTION;11;False
644;1956;Bad Seed, The;HORROR;69;False
645;1989;Lethal Weapon 2;ACTION;69;False
646;1992;Blame It on the Bellboy;COMEDY;69;False
647;1927;Drop Kick, The;DRAMA;;False
648;1978;Superman, The Movie;ACTION;87;False
649;1987;Superman IV: The Quest for Peace;ACTION;77;False
650;1970;Quackser Fortune Has a Cousin in the Bronx;COMEDY;49;False
651;1989;Dead Calm;MYSTERY;1;False
652;1990;Days of Thunder;ACTION;3;False
653;1987;My Life As a Dog;COMEDY;21;False
654;1983;Moon in the Gutter, The;ACTION;29;False
655;1984;Paris, Texas;DRAMA;27;False
656;1984;Unfaithfully Yours;COMEDY;73;False
657;1987;Bullseye!;COMEDY;8;False
658;1989;Erik the Viking;ACTION;25;False
659;1987;Dragonard;DRAMA;71;False
660;1986;Hard Choices;DRAMA;41;False
661;1969;Rain People, The;DRAMA;78;False
662;1984;A Year of the Quiet Sun;DRAMA;78;False
663;1935;Desert Trail, The;WESTERN;50;False
664;1990;Almost an Angel;COMEDY;14;False
665;1986;Crocodile Dundee;COMEDY;66;False
666;1977;American Friend, The;MYSTERY;35;False
667;1989;See You in the Morning;DRAMA;53;False
668;1987;Arrogant, The;DRAMA;62;False
669;1989;Dracula's Widow;HORROR;55;False
670;1987;Ninja Masters of Death;ACTION;15;False
671;1990;Mystery Train;COMEDY;23;False
672;1978;Go Tell the Spartans;WAR;67;False
673;1986;True Stories;COMEDY;79;False
674;1953;Ugetsu Monogatari;DRAMA;82;False
675;1969;Rebel Rousers;ACTION;44;False
676;1988;Plain Clothes;COMEDY;4;False
677;1981;Whose Life Is It, Anyway?;DRAMA;62;False
678;1988;Running on Empty;DRAMA;2;False
679;1990;Funny about Love;COMEDY;60;False
680;1985;A Chorus Line, The Movie;MUSIC;71;False
681;1986;Stewardess School;COMEDY;28;False
682;1987;Big Town, The;DRAMA;11;False
683;1983;Rumble Fish;DRAMA;4;False
684;1983;Outsiders, The;DRAMA;56;False
685;1990;Priceless Beauty;SCIENCE FICTION;7;False
686;1989;Streets of Fire;ACTION;65;False
687;1990;Men Don't Leave;DRAMA;66;False
688;1988;Everybody's All American;ROMANCE;62;False
689;1992;Cape Fear;MYSTERY;7;False
690;1992;Postman Always Rings Twice, The;MYSTERY;24;False
691;1949;Crashing Thru;WESTERN;19;False
692;1978;Get Out Your Handkerchiefs;COMEDY;78;True
693;1971;Boy Friend, THe;MUSIC;8;False
694;1990;Hard To Kill;ACTION;49;False
695;1960;Psycho;HORROR;56;False
696;1957;Jet Pilot;ACTION;43;False
697;1987;Under Cover;MYSTERY;36;False
698;1951;A Streetcar Named Desire;DRAMA;75;True
699;1986;Golden Child, The;COMEDY;86;False
700;1971;Statue, The;DRAMA;80;False
701;1985;Christopher Columbus;DRAMA;69;False
702;1989;In Country;DRAMA;76;False
703;1978;Wild Geese, The;ACTION;21;False
704;1974;Second Coming of Suzanne., The;DRAMA;21;False
705;1980;Bronco Billy;WESTERNS;57;False
706;1977;Gauntlet, The;ACTION;18;False
707;1986;Ratboy;DRAMA;1;False
708;1938;Lady Vanishes;MYSTERY;27;False
709;1987;Kitchen Toto, THe;DRAMA;41;False
710;1959;Carlton-Browne of the F.O.;COMEDY;63;False
711;1929;Racketeer;DRAMA;2;False
712;1941;Mr. & Mrs. Smith;COMEDY;3;False
713;1986;Alrededor de Medianoche;DRAMA;47;False
714;1982;Losin' It;COMEDY;4;False
715;1987;Into the Homeland;ACTION;34;False
716;1991;Boxing Babes;ACTION;9;False
717;1991;Shock 'em Dead;HORROR;31;False
718;1960;Heller in Pink Tights;DRAMA;52;False
719;1961;Two Women;DRAMA;83;True
720;1954;Gold of Naples, The;DRAMA;40;False
721;1963;Yesterday, Today & Tomorrow;COMEDY;73;True
722;1957;Legend of the Lost;ACTION;84;False
723;1978;Brass Target;ACTION;53;False
724;1964;Fall of the Roman Empire, The;DRAMA;62;False
725;1961;El Cid;DRAMA;10;False
726;1958;Desire under the Elms;DRAMA;13;False
727;1953;Two Nights with Cleo;DRAMA;54;False
728;1959;Black Orchid, The;DRAMA;54;False
729;1977;Angela;DRAMA;80;False
730;1977;A Special Day;DRAMA;80;True
731;1979;Blood Feud;ACTION;52;False
732;1991;Sophia Loren, Her Own Story;DRAMA;49;False
733;1990;Running Away;DRAMA;2;False
734;1991;Man of La Mancha;MUSIC;55;False
735;1992;Operation Crossbow;ACTION;1;False
736;1986;Courage;DRAMA;56;False
737;1986;RAD;ACTION;75;False
738;1992;Secret Admirer;COMEDY;55;False
739;1979;Cocaine Cowboys;ACTION;17;False
740;1991;Test Pilot;DRAMA;13;False
741;1943;Ape Man, The;HORROR;83;False
742;1986;Mission, The;DRAMA;20;False
743;1991;Curly Sue;COMEDY;2;False
744;1962;Lolita;DRAMA;80;False
745;1989;Sex, Lies, and Videotape;DRAMA;70;True
746;1990;Green Card;COMEDY;25;False
747;1988;Gator Bait II;ACTION;73;False
748;1979;Being There;COMEDY;31;True
749;1983;Terms of Endearment;DRAMA;32;True
750;1967;Woman Times Seven;COMEDY;36;False
751;1968;Bliss of Mrs. Blossom, The;COMEDY;86;False
752;1990;Postcards from the Edge;COMEDY;63;False
753;1970;Two Mules for Sister Sara;WESTERN;36;False
754;1992;Dragonfight;DRAMA;71;False
755;1939;Back Door to Heaven;DRAMA;83;False
756;1988;Ciao Italia, Madonna Live from Italy;MUSIC;74;False
757;1991;Madonna, Truth or Dare;MUSIC;54;False
758;1992;A Certain Sacrifice;MUSIC;24;False
759;1991;National Enquirer, The Untold Story;MUSIC;65;False
760;1990;Immaculate Collection, The;MUSIC;32;False
761;1987;Madonna Live, The Virgin Tour;MUSIC;75;False
762;1990;Madonna, Justify My Love;MUSIC;77;False
763;1991;Madonna, Like a Virgin;MUSIC;63;False
764;1988;Hot to Trot;COMEDY;78;False
765;1986;Fire with Fire;DRAMA;9;False
766;1990;Hot Spot;DRAMA;70;False
767;1974;Amarcord;DRAMA;50;True
768;1988;Casablanca Express;ACTION;33;False
769;1980;Out of the Blue;DRAMA;4;False
770;1949;Sands of Iwo Jima;WAR;72;False
771;1981;Hand, The;HORROR;44;False
772;1989;Deep Cover;MYSTERY;15;False
773;1955;Il Bidone;DRAMA;70;False
774;1986;El Guerrero Solitario;DRAMA;77;False
775;1986;Heartbreak Ridge;WAR;61;False
776;1977;Goodbye Girl, The;COMEDY;6;True
777;1991;Audrey Rose;DRAMA;62;False
778;1981;Polyester;COMEDY;68;False
779;1991;Robin Hood: Prince of Thieves;ACTION;8;False
780;1992;White Sands;DRAMA;38;False
781;1986;Color of Money, The;DRAMA;6;True
782;1986;Children of a Lesser God;DRAMA;20;True
783;1986;Matador;COMEDY;34;False
784;1989;Women on the Verge of a Nervous Breakdown;COMEDY;65;False
785;1980;Pepi Luci Bom;COMEDY;66;False
786;1989;Forgotten, The;MYSTERY;69;False
787;1992;Flame & the Arrow, The;ACTION;0;False
788;1990;After the Shock;DRAMA;28;False
789;1990;Modern Love;COMEDY;18;False
790;1992;Riff Raff;COMEDY;71;False
791;1967;Glory Stompers, The;ACTION;27;False
792;1990;Dances with Wolves;WESTERN;8;True
793;1987;Matewan;DRAMA;81;False
794;1988;Mississippi Burning;DRAMA;41;True
795;1975;Eiger Sanction, The;ACTION;69;False
796;1988;Unsettled Land;DRAMA;75;False
797;1991;Cat Chaser;DRAMA;6;False
798;1988;Accused, The;DRAMA;71;True
799;1989;Winter People;DRAMA;30;False
800;1983;Reuben, Reuben;COMEDY;2;False
801;1987;Made in Heaven;FANTASY;57;False
802;1986;Top Gun;ACTION;8;False
803;1985;Witness;DRAMA;59;False
804;1988;House on Carroll Street, The;MYSTERY;6;False
805;1984;Racing with the Moon;DRAMA;50;False
806;1983;Lovesick;COMEDY;51;False
807;1988;She's Having a Baby;COMEDY;18;False
808;1965;Greatest Story Ever Told, The;DRAMA;26;False
809;1989;Hawks;DRAMA;11;False
810;1981;So Fine;COMEDY;17;False
811;1957;Paths of Glory;DRAMA;47;False
812;1964;Tom Jones;DRAMA;39;True
813;1975;Sunshine Boys, The;COMEDY;35;True
814;1988;Caddyshack 2;COMEDY;34;False
815;1990;Internal Affairs;DRAMA;3;False
816;1991;JFK;DRAMA;78;False
817;1991;New Jack City;ACTION;80;False
818;1991;Scenes from a Mall;COMEDY;8;False
819;1987;Hope & Glory;WAR;3;False
820;1970;Ryan's Daughter;DRAMA;81;True
821;1973;Man Who Loved Cat Dancing, The;WESTERN;40;False
822;1962;Man Who Shot Liberty Valance, The;WESTERN;85;False
823;1989;Dead-Bang;ACTION;9;False
824;1988;Big Top Pee-wee;COMEDY;17;False
825;1960;Time Machine, The;SCIENCE FICTION;88;False
826;1972;Cabaret;DRAMA;59;True
827;1981;Arthur;COMEDY;79;True
828;1976;A Matter of Time;DRAMA;70;False
829;1977;New York, New York;DRAMA;8;False
830;1989;Nightmare on Elm Street, Pt. 5, The Dream Child;HORROR;41;False
831;1980;Fiendish Plot of Dr. Fu Manchu, The;COMEDY;29;False
832;1991;Four American Composers;MUSIC;3;False
833;1950;Asphalt Jungle, The;ACTION;77;False
834;1992;Ladies of the Chorus;MUSIC;60;False
835;1953;How to Marry a Millionaire;COMEDY;65;False
836;1983;Hollywood Out-Takes & Rare Footage;COMEDY;27;False
837;1991;Nothing But Trouble;COMEDY;25;False
838;1987;Wisdom;ACTION;25;False
839;1986;One Crazy Summer;COMEDY;61;False
840;1989;We're No Angels;COMEDY;51;False
841;1984;No Small Affair;COMEDY;10;False
842;1990;Ghost;SCIENCE FICTION;6;True
843;1986;About Last Night;DRAMA;66;False
844;1982;Six Weeks;DRAMA;73;False
845;1948;Return of October;COMEDY;35;False
846;1952;Come Back, Little Sheba;DRAMA;50;True
847;1974;Going Places;DRAMA;66;False
848;1970;Monte Walsh;WESTERN;29;False
849;1955;Mr. Arkadin;DRAMA;80;False
850;1988;White of the Eye;MYSTERY;48;False
851;1968;Producers, The;COMEDY;33;False
852;1976;Front, The;DRAMA;70;False
853;1987;House of the Rising Sun;DRAMA;45;False
854;1988;In a Shallow Grave;DRAMA;72;False
855;1974;Mc Q;ACTION;73;False
856;1941;Lady from Louisiana;DRAMA;38;False
857;1990;Wait Until Spring Bandini;DRAMA;29;False
858;1940;Long Voyage Home, The;DRAMA;88;False
859;1955;Trouble with Harry, The;MYSTERY;28;False
860;1987;Encounters;DRAMA;44;False
861;1963;Hud;DRAMA;2;True
862;1951;Operation Pacific;WAR;5;False
863;1987;Surf Nazis Must Die;HORROR;50;False
864;1956;Teahouse of the August Moon;DRAMA;11;False
865;1992;Back in the U.S.S.R.;ACTION;61;False
866;1970;Man Who Haunted Himself, The;DRAMA;75;False
867;1991;Prisoner of Honor.;DRAMA;58;False
868;1988;Control;DRAMA;27;False
869;1923;Desert Rider;WESTERN;;False
870;1980;Wholly Moses!;COMEDY;25;False
871;1991;Star Trek VI: The Undiscovered Country;SCIENCE FICTION;11;False
872;1989;Star Trek V: The Final Frontier;ACTION;87;False
873;1991;Circuitry Man;ACTION;78;False
874;1986;Cobra;ACTION;57;False
875;1987;Beverly Hills Cop II;COMEDY;37;False
876;1990;Red Sonja;ACTION;40;False
877;1950;To Joy;DRAMA;65;False
878;1992;Macbeth;DRAMA;45;False
879;1958;Vertigo;DRAMA;10;False
880;1987;Young Love: Lemon Popsicle Seven;COMEDY;47;False
881;1946;Crack-Up;MYSTERY;25;False
882;1941;Bury Me Not on the Lone Prairie;WESTERN;85;False
883;1940;Law & Order;WESTERN;87;False
884;1941;Man from Montana;WESTERN;85;False
885;1992;Long Gray Line, The;DRAMA;26;False
886;1950;Rio Grande;WESTERN;64;False
887;1957;Wings of Eagles, The;DRAMA;29;False
888;1939;Jamaica Inn;DRAMA;75;False
889;1971;Big Jake;ACTION;68;False
890;1992;Quiet Man, The;DRAMA;74;False
891;1983;After the Rehearsal;DRAMA;0;False
892;1952;Big Jim McLain;WESTERN;14;False
893;1969;Smith!;WESTERN;62;False
894;1953;Wild One, The;DRAMA;26;False
895;1929;Manxman, The;DRAMA;65;False
896;1978;International Velvet;DRAMA;40;False
897;1981;Scanners;HORROR;32;False
898;1986;Trick or Treat;HORROR;47;False
899;1982;48 Hrs.;ACTION;67;False
900;1985;Trip to Bountiful, The;DRAMA;62;True
901;1955;Mister Roberts;COMEDY;8;True
902;1969;Z;DRAMA;72;True
903;1987;Maurice;DRAMA;45;False
904;1969;Hamlet;DRAMA;39;False
905;1991;La Femme Nikita;DRAMA;6;False
906;1993;Honeymoon in Vegas;COMEDY;53;False
907;1988;Going for the Gold;ACTION;10;False
908;1976;Shout at the Devil;ACTION;0;False
909;1986;A Smoky Mountain Christmas;MUSIC;23;False
910;1984;Getting Physical;DRAMA;75;False
911;1990;Torn Apart;DRAMA;8;False
912;1986;From the Hip;COMEDY;36;False
913;1984;Ratings Game, The;COMEDY;21;False
914;1992;Class Act;DRAMA;88;False
915;1986;Water;COMEDY;47;False
916;1978;Silent Movie;COMEDY;27;False
917;1989;Pink Cadillac;COMEDY;12;False
918;1979;Jerk, The;COMEDY;22;False
919;1980;Wild Times;;75;False
920;1986;Sweet Liberty;COMEDY;12;False
921;1982;Grease II;MUSIC;64;False
922;1989;Married to the Mob;COMEDY;8;False
923;1985;Ladyhawke;ADVENTURE;68;False
924;1989;Fabulous Baker Boys, The;DRAMA;66;False
925;1985;Into the Night;COMEDY;62;False
926;1991;Russia House, The;DRAMA;3;False
927;1988;Tequila Sunrise;MYSTERY;50;False
928;1989;B. A. D. Cats;ACTION;87;False
929;1971;Last Movie, The;DRAMA;22;False
930;1973;Dillinger;DRAMA;83;False
931;1988;Little Dorrit;DRAMA;12;False
932;1927;My Best Girl;DRAMA;31;False
933;1989;Seizure;HORROR;59;False
934;1990;A Chorus of Disapproval;COMEDY;0;False
935;1962;Rome Adventure;DRAMA;39;False
936;1992;Drowning by Numbers;MYSTERY;28;False
937;1991;Born to Ride;ACTION;59;False
938;1988;Her Alibi;COMEDY;80;False
939;1988;Glitz;MYSTERY;9;False
940;1990;Dangerous Pursuit;MYSTERY;88;False
941;1962;Experiment in Terror;MYSTERY;77;False
942;1972;Hideaways, The;COMEDY;42;False
943;1965;What's New Pussycat;COMEDY;83;False
944;1965;What's New Pussycat?;COMEDY;46;False
945;1983;Packin' It In;COMEDY;8;False
946;1988;Naked Gun: From the Files of Police Squad!, THe;COMEDY;9;False
947;1990;In Too Deep;DRAMA;50;False
948;1988;Twins;COMEDY;23;False
949;1988;Experts, The;COMEDY;67;False
950;1989;Naked Lie;DRAMA;7;False
951;1987;Mistress;DRAMA;36;False
952;1992;Pleasure Palace;ACTION;45;False
953;1970;Adam at 6 A.M.;DRAMA;3;False
954;1990;Web of Deceit;DRAMA;6;False
955;1991;New York Stories;COMEDY;6;False
956;1987;Dreams Lost, Dreams Found;DRAMA;66;False
957;1987;Au Revoir les Enfants;DRAMA;35;False
958;1989;Quo Vadis;DRAMA;6;False
959;1949;Fighting Kentuckian, The;ACTION;74;False
960;1974;Zardoz;SCIENCE FICTION;6;False
961;1989;Police Academy 6: City under Siege;COMEDY;29;False
962;1988;Police Academy 5: Assignment Miami Beach;COMEDY;59;False
963;1986;Police Academy 3: Back in Training;COMEDY;6;False
964;1991;America's Music, Blues;MUSIC;54;False
965;1977;Julia;DRAMA;75;True
966;1971;Devils, The;DRAMA;69;False
967;1984;Ransom;DRAMA;73;False
968;1990;Cadillac Man;COMEDY;28;False
969;1986;Best of Times, The;COMEDY;88;False
970;1985;Death of a Salesman;DRAMA;13;False
971;1993;It Started with a Kiss;DRAMA;80;False
972;1989;Money, The;DRAMA;29;False
973;1987;Empire of the Sun;DRAMA;6;False
974;1991;Comfort of Strangers, The;MYSTERY;5;False
975;1969;On Her Majesty's Secret Service;ACTION;66;False
976;1986;Pretty in Pink;DRAMA;75;False
977;1987;PK. & the Kid.;DRAMA;49;False
978;1943;Lone Star Trail, The;WESTERN;27;False
979;1986;Summer;COMEDY;11;False
980;1987;Planes, Trains & Automobiles;COMEDY;73;False
981;1990;Pretty Woman;COMEDY;43;False
982;1991;Flatliners;DRAMA;19;False
983;1991;Hook;ACTION;4;False
984;1940;Riders of Pasco Basin;WESTERN;17;False
985;1992;Gotta Dance, Gotta Sing;MUSIC;20;False
986;1990;Desperate Hours;MYSTERY;58;False
987;1986;Gung Ho;COMEDY;59;False
988;1992;Shooting Elizabeth;MYSTERY;5;False
989;1951;Strangers on a Train;MYSTERY;17;False
990;1979;Sacketts, The;WESTERN;86;False
991;1991;To Die Standing;ACTION;53;False
992;1980;Rodeo Girl;DRAMA;80;False
993;1969;Butch Cassidy & the Sundance Kid;WESTERN;29;True
994;1968;Hellfighters;ACTION;22;False
995;1980;Final Countdown, The;ACTION;35;False
996;1986;Blue Velvet;MYSTERY;6;False
997;1989;Cousins;COMEDY;28;False
998;1976;Black & White in Color;COMEDY;24;True
999;1988;Another Woman;DRAMA;7;False
1000;1992;Night on Earth;DRAMA;24;False
1001;1988;Permanent Record;DRAMA;42;False
1002;1992;Fisher King, The;DRAMA;8;True
1003;1991;Another You;COMEDY;75;False
1004;1958;Young Lions, The;DRAMA;10;False
1005;1988;Cheerleader Camp;HORROR;79;False
1006;1990;Trapper County War;ACTION;5;False
1007;1947;Angel & the Badman;WESTERN;84;False
1008;1990;Impulse;MYSTERY;23;False
1009;1988;Track Twenty-Nine;DRAMA;48;False
1010;1991;Freejack;ACTION;26;False
1011;1939;John Wayne Matinee Double Feature, No. 1;WESTERN;30;False
1012;1988;Smallest Show on Earth, The;COMEDY;24;False
1013;1987;Innerspace;SCIENCE FICTION;41;False
1014;1988;Presidio, The;ACTION;4;False
1015;1990;Joe Versus the Volcano;COMEDY;17;False
1016;1991;Doors, The;DRAMA;60;False
1017;1990;Welcome Home, Roxy Carmichael;COMEDY;41;False
1018;1972;Cancel My Reservation;COMEDY;60;False
1019;1991;North by Northwest;MYSTERY;20;False
1020;1966;Russians Are Coming, the Russians Are, The;COMEDY;79;True
1021;1992;Exodus;DRAMA;13;False
1022;1982;Ballad of Narayama, The;DRAMA;88;False
1023;1985;Out of the Darkness;MYSTERY;86;False
1024;1971;Garden of the Finzi-Continis, The;DRAMA;42;True
1025;1974;Steppenwolf;DRAMA;20;False
1026;1973;Mackintosh Man, The;ACTION;65;False
1027;1968;Partner;DRAMA;26;False
1028;1970;Conformist, The;DRAMA;72;False
1029;1971;Dirty Harry;DRAMA;72;False
1030;1986;Ferris Bueller's Day Off;COMEDY;12;False
1031;1986;Legend;SCIENCE FICTION;42;False
1032;1984;Buddy System, The;DRAMA;48;False
1033;1989;A Dry White Season;DRAMA;71;False
1034;1975;Rocky Horror Picture Show, The;MUSIC;59;False
1035;1968;War & Peace;DRAMA;80;True
1036;1992;Defense of the Realm;DRAMA;79;False
1037;1991;Basil The Rat;COMEDY;9;False
1038;1979;Fawlty Towers, Gourmet Night, Waldorf Salad & The Kipper & the Corpse;COMEDY;46;False
1039;1991;Going Under;COMEDY;30;False
1040;1990;U S. Sub Standard.;COMEDY;27;False
1041;1990;Hells Angels on Wheels;ACTION;1;False
1042;1975;Passenger, The;DRAMA;32;False
1043;1973;Last Tango in Paris;DRAMA;28;False
1044;1987;Indigo Autumn & Lilac Dream;DRAMA;72;False
1045;1924;Kriemhild's Revenge, The Nibelungenlied;DRAMA;74;False
1046;1966;Johnny Tiger;DRAMA;69;False
1047;1986;Head Office;COMEDY;88;False
1048;1990;Live & Let Die;ACTION;62;False
1049;1972;Le Charme Discret de la Bourgeoisie;COMEDY;4;True
1050;1986;Blue City;ACTION;38;False
1051;1983;Bad Boys;DRAMA;7;False
1052;1986;Whoopee Boys, The;COMEDY;54;False
1053;1971;Last Picture Show, The;DRAMA;62;True
1054;1988;Diamond Trap, The;DRAMA;58;False
1055;1981;Endless Love;DRAMA;20;False
1056;1976;Rocky;DRAMA;78;True
1057;1988;Cocktail;DRAMA;13;False
1058;1936;Sabotage;MYSTERY;74;False
1059;1977;Madame Rosa;DRAMA;11;True
1060;1985;Fozzie's Muppet Scrapbook;COMEDY;86;False
1061;1954;Desiree;DRAMA;22;False
1062;1960;Spartacus;DRAMA;67;True
1063;1955;Guys & Dolls;COMEDY;70;True
1064;1992;Until They Sail;DRAMA;77;False
1065;1988;Coming to America;COMEDY;11;False
1066;1963;Lilies of the Field;DRAMA;36;True
1067;1987;River's Edge;DRAMA;3;False
1068;1986;Ruthless People;COMEDY;84;False
1069;1987;Secret of My Success, The;COMEDY;5;False
1070;1965;Shop on Main Street, The;DRAMA;37;True
1071;1988;Funny Farm;COMEDY;30;False
1072;1988;Lonely Passion of Judith Hearne, The;DRAMA;24;False
1073;1978;California Suite;COMEDY;11;True
1074;1986;Maximum Overdrive;HORROR;40;False
1075;1985;Pale Rider;WESTERN;45;False
1076;1990;Kissing Place, The;DRAMA;41;False
1077;1986;French Lesson;COMEDY;29;False
1078;1985;Roller Blade;ACTION;31;False
1079;1964;A Shot in the Dark;COMEDY;51;False
1080;1979;Treasure Seekers, The;ACTION;2;False
1081;1982;Missing;DRAMA;30;False
1082;1989;Picasso Trigger;ACTION;20;False
1083;1987;Hard Ticket to Hawaii;ACTION;36;False
1084;1990;Diamonds are Forever;ACTION;8;False
1085;1933;Baby Face;DRAMA;66;False
1086;1992;Violent Men, The;ACTION;25;False
1087;1985;Cocoon;SCIENCE FICTION;45;True
1088;1986;Clockwise;COMEDY;10;False
1089;1993;Romantic Comedy;COMEDY;8;False
1090;1981;Outland;SCIENCE FICTION;7;False
1091;1967;Hang 'em High;WESTERN;67;False
1092;1992;Basic Instinct;MYSTERY;41;False
1093;1990;Total Recall;ACTION;8;False
1094;1987;Stakeout;COMEDY;13;False
1095;1992;Unnamable II, The Statement of Randolph Carter, The;DRAMA;36;False
1096;1967;Trip, The;DRAMA;64;False
1097;1987;Ironweed;DRAMA;32;False
1098;1979;Kramer vs. Kramer;DRAMA;8;True
1099;1988;Still of the Night;MYSTERY;42;False
1100;1991;Defending Your Life;COMEDY;75;False
1101;1978;Deer Hunter, The;DRAMA;82;True
1102;1984;Falling in Love;DRAMA;31;False
1103;1986;Heartburn;COMEDY;57;False
1104;1983;Silkwood;DRAMA;52;False
1105;1982;Sophie's Choice;DRAMA;64;True
1106;1985;Out of Africa;DRAMA;88;True
1107;1981;French Lieutenant's Woman, The;DRAMA;37;False
1108;1985;Plenty;DRAMA;9;False
1109;1988;A Cry in the Dark;DRAMA;67;False
1110;1989;She-Devil;COMEDY;43;False
1111;1992;Death Becomes Her;DRAMA;61;False
1112;1991;Kids & Pesticides;DRAMA;36;False
1113;1970;On a Clear Day You Can See Forever;MUSIC;67;False
1114;1987;Nuts;DRAMA;52;False
1115;1983;Yentl;MUSIC;46;False
1116;1968;Funny Girl;MUSIC;30;True
1117;1990;Fellow Traveller;DRAMA;39;False
1118;1970;Dodesukaden;DRAMA;75;False
1119;1987;Sicilian, The;DRAMA;41;False
1120;1941;So Ends Our Night;DRAMA;2;False
1121;1984;Sword of the Valiant;ACTION;5;False
1122;1949;Devil's Wanton, The;DRAMA;66;False
1123;1989;Driving Miss Daisy;DRAMA;6;True
1124;1991;Seventh Cross, The;DRAMA;35;False
1125;1983;Between Friends;DRAMA;54;False
1126;1957;Raintree County;DRAMA;74;False
1127;1975;Driver's Seat, The;DRAMA;72;False
1128;1967;Reflections in a Golden Eye;DRAMA;81;False
1129;1972;X, Y & Zee;DRAMA;87;False
1130;1968;Secret Ceremony;DRAMA;60;False
1131;1963;Cleopatra;DRAMA;80;False
1132;1950;Father of the Bride;COMEDY;54;False
1133;1992;Who's Afraid of Virginia Woolf?;DRAMA;82;True
1134;1977;A Little Night Music;MUSIC;61;False
1135;1956;Giant;DRAMA;61;True
1136;1985;Rumor Mill, The;DRAMA;62;False
1137;1943;Lassie Come Home;DRAMA;79;False
1138;1993;Return Engagement;DRAMA;26;False
1139;1972;Hammersmith Is Out;DRAMA;80;False
1140;1991;Super Duper Bloopers;COMEDY;21;False
1141;1991;Elizabeth Taylor Collection, The;DRAMA;21;False
1142;1973;Ash Wednesday;DRAMA;54;False
1143;1991;Last Time I Saw Paris, The;DRAMA;13;False
1144;1931;Cimarron;WESTERN;44;True
1145;1992;Apache Woman;WESTERN;32;False
1146;1984;Gary Numan - Berzerker;MUSIC;60;False
1147;1988;Mystic Pizza;COMEDY;74;False
1148;1991;Dogfight;ACTION;66;False
1149;1935;Adventures of Rex & Rinty, The;WESTERN;87;False
1150;1988;Daphnis & Chloe;MUSIC;85;False
1151;1980;Marathon;COMEDY;76;False
1152;1948;Fort Apache;WESTERN;4;False
1153;1937;Wee Willie Winkie;DRAMA;78;False
1154;1987;Big Shots;ACTION;5;False
1155;1988;Doin' Time on Planet Earth;COMEDY;44;True
1156;1983;All the Right Moves;DRAMA;65;False
1157;1987;Some Kind of Wonderful;DRAMA;16;False
1158;1990;All New Tales from the Crypt, A Trilogy;HORROR;33;False
1159;1985;Back to the Future;COMEDY;9;False
1160;1963;Winter Light;DRAMA;2;False
1161;1963;Silence, The;DRAMA;79;False
1162;1959;Magician, The;DRAMA;3;False
1163;1961;Four Horsemen of the Apocalypse, The;DRAMA;71;False
1164;1986;Critical Condition;COMEDY;41;False
1165;1989;Center of the Web;MYSTERY;42;False
1166;1990;Border Shootout;ACTION;7;False
1167;1989;Lean on Me;DRAMA;51;False
1168;1986;On Wings of Eagles;DRAMA;53;False
1169;1941;Texas;WESTERN;79;False
1170;1939;Allegheny Uprising;DRAMA;53;False
1171;1940;Dark Command;WESTERN;52;False
1172;1986;Peggy Sue Got Married;DRAMA;62;False
1173;1989;Dear America, Letters Home from Vietnam;WAR;57;False
1174;1985;Prizzi's Honor;COMEDY;25;True
1175;1983;Man with Two Brains, The;COMEDY;68;False
1176;1984;Crimes of Passion;DRAMA;4;False
1177;1985;Jewel of the Nile, The;ACTION;68;False
1178;1984;Romancing the Stone;ACTION;83;False
1179;1988;Accidental Tourist, The;COMEDY;56;True
1180;1955;Sea Chase, The;WAR;4;False
1181;1958;Another Time, Another Place;DRAMA;4;False
1182;1988;Cannibal Women in the Avocado Jungle of Death;COMEDY;56;False
1183;1986;Mr Love.;COMEDY;10;False
1184;1968;2001: A Space Odyssey;SCIENCE FICTION;83;False
1185;1966;Persona;DRAMA;81;True
1186;1973;Scenes from a Marriage;DRAMA;3;True
1187;1968;Hour of the Wolf;DRAMA;37;False
1188;1969;Passion of Anna, The;DRAMA;6;False
1189;1984;Dangerous Moves;DRAMA;7;True
1190;1957;Sayonara;DRAMA;19;True
1191;1968;Where Eagles Dare;WAR;57;False
1192;1985;Teen Wolf;DRAMA;58;False
1193;1990;Amazon;ACTION;30;False
1194;1973;Paper Chase, The;DRAMA;7;True
1195;1959;Virgin Spring, The;DRAMA;8;True
1196;1970;Spider's Stratagem;DRAMA;45;False
1197;1971;Play Misty for Me;MYSTERY;47;False
1198;1981;Going Ape;COMEDY;65;False
1199;1967;Cool Hand Luke;DRAMA;49;True
1200;1988;Phantom of the Ritz;HORROR;85;False
1201;1990;Crash & Burn;SCIENCE FICTION;75;False
1202;1991;After Dark My Sweet;MYSTERY;33;False
1203;1992;Christopher Columbus: The Discovery;ADVENTURE;39;False
1204;1986;Young Sherlock Holmes;MYSTERY;16;False
1205;1991;Doc Hollywood;COMEDY;64;False
1206;1988;Baja Oklahoma;COMEDY;71;False
1207;1986;Aliens;SCIENCE FICTION;82;False
1208;1992;Alien Three;SCIENCE FICTION;59;False
1209;1997;Alien: resurrection;SCIENCE FICTION;60;False
1210;1979;Alien;SCIENCE FICTION;83;False
1211;1985;One Woman or Two;COMEDY;64;False
1212;1984;Soggy Bottom U. S. A.;COMEDY;50;False
1213;1973;Bang the Drum Slowly;DRAMA;73;False
1214;1974;Catamount Killing, The;ACTION;84;False
1215;1972;Fuzz;ACTION;37;False
1216;1966;Shoot Loud, Louder, I Don't Understand!;MYSTERY;70;False
1217;1967;Bedazzled;COMEDY;67;False
1218;1977;Prince & the Pauper, The;ACTION;86;False
1219;1969;One Hundred Rifles;WESTERN;48;False
1220;1975;Wild Party, The;DRAMA;75;False
1221;1968;Bandolero!;WESTERN;9;False
1222;1973;Last of Sheila, The;MYSTERY;39;False
1223;1972;Hannie Caulder;DRAMA;9;False
1224;1990;Sounds of the Seventies...& the Beat Goes;MUSIC;13;False
1225;1988;Bird;DRAMA;24;False
1226;1955;Meet Millie;DRAMA;82;False
1227;1987;Hell Comes to Frogtown;SCIENCE FICTION;74;False
1228;1966;Fortune Cookie, The;COMEDY;3;True
1229;1990;Sun Shines Bright, The;ACTION;46;False
1230;1987;Squeeze, The;ACTION;23;False
1231;1970;Start the Revolution Without Me;COMEDY;62;False
1232;1989;Major League;COMEDY;64;False
1233;1990;Bright Lights, Big City;DRAMA;30;False
1234;1987;Lost Boys, The;HORROR;67;False
1235;1989;Cookie;COMEDY;43;False
1236;1974;Conversation, The;DRAMA;59;True
1237;1973;American Graffiti;COMEDY;39;True
1238;1953;Dangerous When Wet;MUSIC;67;False
1239;1980;Stir Crazy;COMEDY;40;False
1240;1989;Young Einstein;COMEDY;47;False
1241;1956;Killing, The;DRAMA;51;False
1242;1973;Cahill, United States Marshal;WESTERN;12;False
1243;1989;Savage Intruder, The;HORROR;24;False
1244;1992;Sheltering Sky, The;DRAMA;64;False
1245;1982;An Officer & a Gentleman;DRAMA;1;True
1246;1987;Black Widow;MYSTERY;54;False
1247;1986;Legal Eagles;COMEDY;39;False
1248;1970;Bloody Mama;ACTION;17;False
1249;1965;A Patch of Blue;DRAMA;51;False
1250;1955;I Died a Thousand Times;DRAMA;23;False
1251;1977;Tentacles;HORROR;62;False
1252;1968;Scalphunters, The;WESTERN;33;False
1253;1992;A Day in October;DRAMA;76;False
1254;1964;A Fistful of Dollars;WESTERNS;61;False
1255;1985;My Science Project;COMEDY;84;False
1256;1991;Great Race, The;COMEDY;88;False
1257;1956;Searchers, The;WESTERN;9;False
1258;1979;Meteor;ACTION;5;False
1259;1955;Rebel Without a Cause;DRAMA;82;False
1260;1961;West Side Story;MUSIC;38;True
1261;1970;Trash;COMEDY;68;False
1262;1966;A Big Hand for the Little Lady;COMEDY;12;False
1263;1966;A Fine Madness;COMEDY;6;False
1264;1987;Glass Menagerie, The;DRAMA;68;False
1265;1989;Harry & Son;DRAMA;57;False
1266;1968;Rachel, Rachel;DRAMA;32;False
1267;1961;Paris Blues;DRAMA;54;False
1268;1960;Fugitive Kind, The;DRAMA;3;False
1269;1993;Mr. & Mrs. Bridge;DRAMA;29;False
1270;1991;State of Grace;DRAMA;49;False
1271;1943;Shadow of a Doubt;DRAMA;32;False
1272;1950;Men, The;DRAMA;27;False
1273;1950;Stage Fright;MYSTERY;72;False
1274;1947;Magic Town;DRAMA;4;False
1275;1975;That Lucky Touch;ACTION;85;False
1276;1949;Lust for Gold;DRAMA;57;False
1277;1987;Heat;MYSTERY;69;False
1278;1993;Employee's Entrance;DRAMA;0;False
1279;1947;Night Is My Future;DRAMA;17;False
1280;1990;Witches, The;SCIENCE FICTION;18;False
1281;1953;Vera Cruz;ACTION;71;False
1282;1954;Apache;WESTERN;78;False
1283;1977;Twilight's Last Gleaming;DRAMA;84;False
1284;1979;Frisco Kid, The;COMEDY;10;False
1285;1954;Bank on the Stars;DRAMA;;False
1286;1987;Law of Desire;DRAMA;73;False
1287;1966;Quiller Memorandum, The;MYSTERY;34;False
1288;1962;Longest Day, The;WAR;7;False
1289;1986;Name of the Rose, The;DRAMA;8;False
1290;1988;Bloodsport;ACTION;78;False
1291;1986;Torment;HORROR;8;False
1292;1988;Pelle the Conqueror;DRAMA;14;True
1293;1981;Taps;DRAMA;84;False
1294;1991;Freshman, The;COMEDY;32;False
1295;1987;Last Emperor, The;DRAMA;1;True
1296;1962;Grim Reaper, The;DRAMA;35;False
1297;1983;Le Dernier Combat;DRAMA;72;False
1298;1989;Too Beautiful for You;DRAMA;35;False
1299;1991;Fire, Ice & Dynamite;ACTION;72;False
1300;1963;Heavens Above;COMEDY;38;False
1301;1961;One Eyed Jacks;WESTERN;26;False
1302;1937;Swing It, Sailor!;COMEDY;83;False
1303;1987;Wolf at the Door, The;DRAMA;68;False
1304;1936;Modern Times;COMEDY;4;False
1305;1991;Thunderbolt & Lightfoot;ACTION;16;False
1306;1931;A Nous la Liberte;DRAMA;60;False
1307;1979;Scum;ACTION;68;False
1308;1984;Inside Man, The;ACTION;45;False
1309;1979;Apocalypse Now;DRAMA;8;False
1310;1990;Bellboy & the Playgirls, The;DRAMA;7;False
1311;1963;Terror, The;HORROR;88;False
1312;1963;Raven, The;HORROR;85;False
1313;1975;They Came from Within;HORROR;21;False
1314;1986;Boy in Blue, The;DRAMA;63;False
1315;1991;Killer Tomatoes Strike Back;COMEDY;24;False
1316;1979;Attack of the Killer Tomatoes;COMEDY;47;False
1317;1987;Untouchables, The;DRAMA;7;True
1318;1986;Wise Guys;COMEDY;16;False
1319;1989;American Autobahn;DRAMA;75;False
1320;1990;Final Alliance, The;ACTION;10;False
1321;1984;Bounty, The;DRAMA;25;False
1322;1974;Little Prince, The;MUSIC;31;False
1323;1975;Posse;WESTERN;76;False
1324;1982;Firefox;ACTION;64;False
1325;1987;Penitentiary III;ACTION;82;False
1326;1993;Ginger & Fred;COMEDY;29;False
1327;1966;Wrong Box, The;COMEDY;40;False
1328;1990;Wagonmaster;WESTERN;1;False
1329;1945;They Were Expendable;WAR;88;False
1330;1991;Last Hurrah, The;DRAMA;46;False
1331;1949;Law of the Golden West;WESTERN;1;False
1332;1949;Pioneer Marshal;WESTERN;8;False
1333;1949;Ranger of the Cherokee Strip;WESTERN;31;False
1334;1950;Vanishing Westerner;WESTERN;6;False
1335;1948;Bandits of Dark Canyon;WESTERN;72;False
1336;1948;Bold Frontiersman, The;WESTERN;18;False
1337;1948;Wild Frontier, The;WESTERN;61;False
1338;1968;Firemen's Ball, The;COMEDY;8;False
1339;1983;Local Hero;COMEDY;54;False
1340;1971;French Connection, The;DRAMA;88;True
1341;1985;To Live & Die in L. A.;ACTION;70;False
1342;1961;Ferry to Hong Kong;DRAMA;77;False
1343;1983;Eddie Murphy, Delirious;COMEDY;6;False
1344;1984;Secret Policeman's Private Parts, The;COMEDY;36;False
1345;1958;Up the Creek;COMEDY;54;False
1346;1982;Yol;DRAMA;53;False
1347;1989;Sara Dane;DRAMA;75;False
1348;1988;Night Tide;DRAMA;50;False
1349;1953;His Majesty O'Keefe;ACTION;3;False
1350;1960;North to Alaska;WESTERN;31;False
1351;1966;Flight to Fury;ACTION;70;False
1352;1966;Ride in the Whirlwind;WESTERN;26;False
1353;1970;Powderkeg;WESTERN;26;False
1354;1953;I Confess;DRAMA;63;False
1355;1935;Thirty-Nine Steps, The;SCIENCE FICTION;8;False
1356;1969;Topaz;MYSTERY;12;False
1357;1930;Murder;MYSTERY;50;False
1358;1954;Dial M for Murder;MYSTERY;52;False
1359;1937;Young & Innocent;MYSTERY;43;False
1360;1976;Creature from Black Lake;HORROR;88;False
1361;1981;Chariots of Fire;DRAMA;6;True
1362;1982;Monty Python Live at the Hollywood Bowl;COMEDY;81;False
1363;1975;Man Who Would Be King, The;DRAMA;6;False
1364;1981;Victory;DRAMA;39;False
1365;1970;Kelly's Heroes;WAR;84;False
1366;1989;Next of Kin;MYSTERY;63;False
1367;1990;Chattahoochee;DRAMA;30;False
1368;1985;Angelic Conversation, The;COMEDY;41;False
1369;1986;Down by Law;COMEDY;49;False
1370;1984;Killing Fields, The;DRAMA;6;True
1371;1992;Survival Zone;ACTION;25;False
1372;1979;Monty Python's Life of Brian;COMEDY;11;False
1373;1983;Monty Python's the Meaning of Life;COMEDY;33;False
1374;1971;Red Tent, The;ACTION;7;False
1375;1945;Dakota;WESTERN;27;False
1376;1952;Viva Zapata!;DRAMA;86;True
1377;1968;Green Berets, The;WAR;36;False
1378;1990;Big Bad John;ACTION;84;False
1379;1937;Ticket of Leave Man, The;MYSTERY;45;False
1380;1956;D-Day, The Sixth of June;WAR;84;False
1381;1974;Apprenticeship of Duddy Kravitz, The;DRAMA;64;True
1382;1971;A Clockwork Orange;SCIENCE FICTION;83;True
1383;1991;Full Metal Jacket;WAR;45;False
1384;1943;Sanshiro Sugata;DRAMA;85;False
1385;1991;Rhapsody in August;DRAMA;50;False
1386;1946;No Regrets for Our Youth;DRAMA;31;False
1387;1960;Bad Sleep Well, The;DRAMA;65;False
1388;1951;Idiot, The;DRAMA;40;False
1389;1951;Rashomon;DRAMA;59;True
1390;1962;Sanjuro;MYSTERY;6;False
1391;1955;Seven Samurai;DRAMA;9;False
1392;1957;Throne of Blood;DRAMA;60;False
1393;1961;Yojimbo;ACTION;60;False
1394;1980;Kagemusha;DRAMA;74;True
1395;1952;Ikiru;DRAMA;36;False
1396;1987;Empire of Spiritual Ninja;ACTION;26;False
1397;1986;Ninja, the Violent Sorcerer;ACTION;;False
1398;1926;Metropolis;SCIENCE FICTION;49;False
1399;1946;Cloak & Dagger;MYSTERY;55;False
1400;1920;Spiders;DRAMA;29;False
1401;1954;Human Desire;DRAMA;27;False
1402;1928;Spies;DRAMA;49;False
1403;1933;Testament of Dr. Mabuse, The;DRAMA;4;False
1404;1991;Fury;DRAMA;48;False
1405;1990;Mo' Better Blues;DRAMA;78;False
1406;1989;Matt Talbot;DRAMA;35;False
1407;1989;Will Rogers, Look Back in Laughter;COMEDY;6;False
1408;1991;For a Few Dollars More;WESTERNS;34;False
1409;1944;Thirty Seconds over Tokyo;WAR;45;False
1410;1982;Class of 1984;DRAMA;23;False
1411;1974;Juggernaut;ACTION;63;False
1412;1987;Good Morning, Vietnam;COMEDY;37;False
1413;1945;Blood on the Sun;DRAMA;76;False
1414;1969;Paint Your Wagon;MUSIC;46;False
1415;1964;Ensign Pulver;COMEDY;16;False
1416;1976;Street People;ACTION;25;False
1417;1984;Manhunt, The;ACTION;34;False
1418;1987;Operation Nam;WAR;37;False
1419;1944;Fighting Seabees, The;WAR;35;False
1420;1988;Let It Rock;DRAMA;32;False
1421;1978;Eraserhead;HORROR;2;False
1422;1955;Ladykillers, The;COMEDY;28;False
1423;1957;Sweet Smell of Success;DRAMA;12;False
1424;1971;And Now for Something Completely Different;COMEDY;44;False
1425;1984;Crackers;ACTION;17;False
1426;1991;Green Glove;DRAMA;54;False
1427;1970;Menace on the Mountain;ACTION;69;False
1428;1940;In Old California;WESTERN;27;False
1429;1967;Thirty Is a Dangerous Age, Cynthia;COMEDY;28;False
1430;1980;Ffolkes;ACTION;62;False
1431;1970;Chisum;WESTERN;72;False
1432;1990;Hunt for Red October, The;DRAMA;8;False
1433;1966;Closely Watched Trains;DRAMA;75;True
1434;1973;Executive Action;DRAMA;6;False
1435;1942;Flying Tigers;ACTION;61;False
1436;1991;Father's Little Dividend;COMEDY;52;False
1437;1982;An Evening with Robin Williams;COMEDY;68;False
1438;1987;Eddie Murphy Raw;COMEDY;51;False
1439;1989;Harlem Nights;COMEDY;11;False
1440;1973;Santee;WESTERN;47;False
1441;1987;Good Father, The;DRAMA;42;False
1442;1971;Sometimes a Great Notion;DRAMA;7;False
1443;1970;Catch Twenty-Two;COMEDY;50;False
1444;1988;Dark Age;ACTION;3;False
1445;1981;Deadline;MYSTERY;9;False
1446;1935;Mysterious Mr. Wong;MYSTERY;71;False
1447;1988;A Month in the Country;DRAMA;57;False
1448;1990;Prom Night III, The Last Kiss;HORROR;29;False
1449;1990;Blood in, Blood Out;DRAMA;88;False
1450;1989;Wrong Arm of the Law, The;COMEDY;25;False
1451;1987;Orphans;DRAMA;21;False
1452;1976;All the President's Men;DRAMA;45;True
1453;1987;J-Men Forever;ACTION;59;False
1454;1969;Wild Bunch, The;WESTERN;50;False
1455;1988;Judgement in Berlin;DRAMA;13;False
1456;1993;Hot Line, The;COMEDY;70;False
1457;1988;Rocket Gibraltar;DRAMA;26;False
1458;1975;Yakuza, The;ACTION;16;False
1459;1972;Jeremiah Johnson;DRAMA;88;False
1460;1970;Burn!;DRAMA;75;False
1461;1973;Magnum Force;ACTION;28;False
1462;1989;Cyborg;ACTION;31;False
1463;1979;Prisoner of Zenda, The;COMEDY;12;False
1464;1983;Scream;HORROR;24;False
1465;1986;Assault, The;DRAMA;71;True
1466;1951;Flying Leathernecks;ACTION;23;False
1467;1985;What Comes Around;DRAMA;49;False
1468;1980;Mon Oncle D'Amerique;COMEDY;71;False
1469;1972;Culpepper Cattle Company, The;WESTERN;29;False
1470;1983;Survivors, The;COMEDY;52;False
1471;1984;Roadhouse Sixty-Six;ACTION;20;False
1472;1991;Burning Poles, Cecil Taylor in Performance;MUSIC;82;False
1473;1987;Russkies;ACTION;87;False
1474;1990;My Blue Heaven;COMEDY;63;False
1475;1990;Altered States;SCIENCE FICTION;22;False
1476;1972;Cowboys, The;WESTERN;58;False
1477;1985;Code Name, Emerald;DRAMA;22;False
1478;1970;Patton;WAR;8;True
1479;1969;Midnight Cowboy;DRAMA;33;True
1480;1985;Falcon & the Snowman, The;DRAMA;61;False
1481;1976;Maitresse;DRAMA;39;False
1482;1987;Disorderlies;COMEDY;69;False
1483;1991;Raging Bull;DRAMA;25;False
1484;1991;Garrison Keillor's Home;COMEDY;6;False
1485;1938;Overland Stage Raiders;WESTERN;83;False
1486;1938;Pals of the Saddle;WESTERN;33;False
1487;1982;Alone in the Dark;HORROR;75;False
1488;1971;Beguiled, The;DRAMA;60;False
1489;1979;Escape from Alcatraz;DRAMA;22;False
1490;1948;Criss Cross;DRAMA;77;False
1491;1976;Midway;WAR;36;False
1492;1990;Indiana Jones & the Last Crusade;ACTION;8;False
1493;1993;Duel;MYSTERY;48;False
1494;1991;Separate but Equal;DRAMA;56;False
1495;1924;Gosta Berling's Saga;DRAMA;63;False
1496;1986;Platoon;DRAMA;8;True
1497;1963;Crawling Hand, The;SCIENCE FICTION;79;False
1498;1971;Willy Wonka & the Chocolate Factory;MUSIC;65;False
1499;1971;Joe Kidd;WESTERN;79;False
1500;1985;Santa Claus, The Movie;COMEDY;19;False
1501;1938;Boys Town;DRAMA;21;True
1502;1990;Erasure, Live Wild!;MUSIC;48;False
1503;1982;A Question of Honor;DRAMA;80;False
1504;1947;Check Your Guns;WESTERN;80;False
1505;1947;West to Glory;WESTERN;43;False
1506;1937;Throwback, The;WESTERN;53;False
1507;1992;Border Feud;ACTION;43;False
1508;1947;Fighting Vigilantes, The;WESTERN;21;False
1509;1947;Law of the Lash;WESTERN;66;False
1510;1949;Outlaw Country;WESTERN;62;False
1511;1992;Return of the Lash;ACTION;78;False
1512;1937;Mystery of the Hooded Horsemen;WESTERN;52;False
1513;1937;Tex Rides with the Boy Scouts;WESTERN;17;False
1514;1949;Shadows of the West;WESTERN;40;False
1515;1991;Instant Karma;COMEDY;47;False
1516;1957;Time Lock;DRAMA;5;False
1517;1953;Appointment in Honduras;DRAMA;7;False
1518;1982;Danton;DRAMA;5;False
1519;1960;Alamo, The;ACTION;29;False
1520;1986;La Chevre, (The Goat);DRAMA;24;False
1521;1985;Les Comperes;COMEDY;54;False
1522;1990;Dead Poets Society;DRAMA;8;True
1523;1952;Othello, The Lost Masterpiece;DRAMA;23;False
1524;1949;Battleground, The;WAR;7;False
1525;1976;Kings of the Road (In the Course of Time);DRAMA;41;False
1526;1990;Hiroshima;DRAMA;17;False
1527;1982;Return of Martin Guerre, The;DRAMA;51;False
1528;1956;Somebody up There Likes Me;DRAMA;56;False
1529;1955;Jack Benny Show;COMEDY;51;False
1530;1962;Mutiny on the Bounty;ACTION;35;False
1531;1989;Death Valley Days, Deadly Decision;WESTERN;9;False
1532;1986;Monty Python's Flying Circus;COMEDY;4;False
1533;1986;Monty Python's Flying Circus, Vol 1.;COMEDY;24;False
1534;1986;Monty Python's Flying Circus, Vol 2.;COMEDY;79;False
1535;1986;Monty Python's Flying Circus, Vol 3.;COMEDY;63;False
1536;1990;Valkenvania;COMEDY;82;False
1537;1982;Secret Policeman's Other Ball, The;COMEDY;86;False
1538;1981;Taming of the Shrew, The;DRAMA;2;False
1539;1964;From Russia with Love;ACTION;6;False
1540;1993;Offence, The;MYSTERY;6;False
1541;1992;Hollywood Mavericks;COMEDY;22;False
1542;1990;Live at Harrah's;COMEDY;6;False
1543;1992;Persuaders, The Overture, The;MYSTERY;40;False
1544;1977;Nineteen Hundred;DRAMA;82;False
1545;1989;Van, The;COMEDY;5;False
1546;1972;My Country Right or Wrong;WAR;21;False
1547;1991;Clint Eastwood Collection, The;WESTERNS;11;False
1548;1991;Complete Dirty Harry, Magnum Force, The;ACTION;53;False
1549;1992;Dead Pool, The;ACTION;26;False
1550;1992;Good, the Bad & the Ugly, The;WESTERNS;68;False
1551;1959;Rawhide, Premiere Episode;WESTERN;54;False
1552;1992;Tightrope;MYSTERY;55;False
1553;1987;Hearts of Fire;DRAMA;25;False
1554;1992;How the West Was Won;WESTERN;45;False
1555;1992;Mummy's Hand, The;MYSTERY;54;False
1556;1993;Great White Death;ACTION;26;False
1557;1986;Mosquito Coast, The;DRAMA;54;False
1558;1993;Today We Kill....Tomorrow We Die;WESTERN;25;False
1559;1991;Tormenta Sobre Arizona;DRAMA;81;False
1560;1989;Back to the Future II;COMEDY;65;False
1561;1959;Maverick, Duel at Sundown;WESTERN;26;False
1562;1983;Shakespeare Series;DRAMA;23;False
1563;1973;Deadly Trackers;WESTERN;54;False
1564;1992;American Film Institute, Alfred Hitchcock;MYSTERY;70;False
1565;1990;A Married Man;DRAMA;79;False
1566;1982;Othello;DRAMA;84;False
1567;1975;Only Way Home, The;DRAMA;60;False
1568;1953;Tales of Tomorrow;HORROR;0;False
1569;1991;Inherit the Wind;DRAMA;18;False
1570;1990;This Is Horror;HORROR;3;False
1571;1992;Conversation Piece;DRAMA;1;False
1572;1992;Crimson Pirate, The;ACTION;60;False
1573;1992;Devil's Disciple, The;MYSTERY;65;False
1574;1992;Hallelujah Trail, The;DRAMA;6;False
1575;1992;Train, The;ACTION;68;False
1576;1986;Jay Leno: The American Dream;COMEDY;67;False
1577;1990;Primal Rage;MYSTERY;3;False
1578;1990;Industrial Symphony, The Dream of the Broken-Hearted;MUSIC;49;False
1579;1986;Howie Mandel's North American Watusi Tour;COMEDY;65;False
1580;1989;Branford Marsalis, Steep;MUSIC;52;False
1581;1991;L. A. Story;COMEDY;81;False
1582;1986;Steve Martin Live!;COMEDY;3;False
1583;1974;Steve Martin, The Funnier Side of Eastern Canada;COMEDY;34;False
1584;1993;Runaway Barge, The;ACTION;38;False
1585;1992;Romulus & the Sabines;ACTION;76;False
1586;1989;Saint, The;MYSTERY;29;False
1587;1983;Strange Brew;COMEDY;24;False
1588;1990;Another Forty-Eight Hours;ACTION;54;False
1589;1989;Best of Eddie Murphy, Saturday Night Live, The;COMEDY;56;False
1590;1991;What about Bob?;COMEDY;6;False
1591;1953;Mummy's Revenge, The;HORROR;56;False
1592;1992;Harper;MYSTERY;86;False
1593;1992;Left Handed Gun, The;WESTERN;26;False
1594;1989;Once upon a Wheel;ACTION;40;False
1595;1992;Prize, The;DRAMA;66;False
1596;1968;Secret War of Harry Frigg, The;COMEDY;28;False
1597;1990;Two Jakes, The;MYSTERY;3;False
1598;1989;Exile in Concert;MUSIC;12;False
1599;1987;Joe Piscopo New Jersey Special;COMEDY;14;False
1600;1991;Joe Piscopo Video, The;COMEDY;44;False
1601;1989;Death Valley Days, No Gun Behind His Badge;WESTERN;1;False
1602;1988;Salsa: The Motion Picture;DRAMA;26;False
1603;1991;Hollywood's Greatest War Movies;WAR;41;False
1604;1991;Out for Justice;ACTION;2;False
1605;1956;Case of the Mukkinese Battle Horn, The;COMEDY;45;False
1606;1953;Goon Show Movie, The;COMEDY;80;False
1607;1975;Great McGonagall, The;COMEDY;72;False
1608;1991;I'm All Right Jack;COMEDY;23;False
1609;1991;Magic Christian, The;COMEDY;75;False
1610;1960;Never Let Go;ACTION;5;False
1611;1991;Pink Panther, The;COMEDY;77;False
1612;1991;Two-Way Stretch;COMEDY;7;False
1613;1988;Face at the Window, The;HORROR;79;False
1614;1958;Tom Thumb;SCIENCE FICTION;30;False
1615;1989;Beartooth;ACTION;70;False
1616;1979;James Taylor in Concert;MUSIC;38;False
1617;1942;Gangbusters;DRAMA;31;False
1618;1992;El Rublo de las Dos Caras;ACTION;83;False
1619;1992;Law & Jake Wade, The;DRAMA;68;False
1620;1967;Chuka;WESTERN;47;False
1621;1980;Cry of the Innocent;DRAMA;13;False
1622;1991;Edison the Man;DRAMA;19;False
1623;1991;Keeper of the Flame;DRAMA;76;False
1624;1991;Spencer Tracy Legacy, The;COMEDY;44;False
1625;1957;Cheyenne, The Iron Trail;WESTERN;1;False
1626;1992;Dawn Rider, The;WESTERN;44;False
1627;1993;Duke, The Films of John Wayne;WESTERN;70;False
1628;1939;Frontier Horizon;WESTERN;73;False
1629;1934;Hell Town;WESTERN;23;False
1630;1932;Hurricane Express;WESTERN;7;False
1631;1932;Hurricane Express, The;ACTION;68;False
1632;1965;In Harm's Way;WAR;66;False
1633;1991;John Wayne Collection, Red River, The;WAR;49;False
1634;1992;John Wayne Collector's Limited Edition;WAR;3;False
1635;1991;John Wayne Four Pack;WESTERN;58;False
1636;1939;John Wayne Matinee Double Feature, No. 2;WESTERN;3;False
1637;1939;John Wayne Matinee Double Feature, No. 3;WESTERN;24;False
1638;1938;John Wayne Matinee Double Feature, No. 4;WESTERN;28;False
1639;1990;John Wayne Six Pack;WESTERN;87;False
1640;1991;John Wayne Western Greats, Rio Bravo;WESTERN;22;False
1641;1991;King of the Pecos;WESTERN;78;False
1642;1992;Lawless Frontier;WESTERN;8;False
1643;1991;Lawless Frontier, The;WESTERN;35;False
1644;1991;Lawless Nineties, The;WESTERN;3;False
1645;1934;Lucky Texan;WESTERN;48;False
1646;1992;McQ;ACTION;5;False
1647;1993;Neath Arizona Skies;WESTERN;73;False
1648;1991;Neath the Arizona Skies;WESTERN;28;False
1649;1991;Randy Rides Alone;WESTERN;75;False
1650;1993;Range Feud;WESTERN;77;False
1651;1992;Red River;WESTERN;16;False
1652;1991;Riders of Destiny;WESTERN;30;False
1653;1990;Sagebrush Trail;WESTERN;23;False
1654;1932;Shadow of the Eagle, The;ACTION;19;False
1655;1989;Blood & Guns;ACTION;43;False
1656;1988;Hot Money;DRAMA;19;False
1657;1977;Comedy Tonight;COMEDY;18;False
1658;1991;Robin Williams;COMEDY;4;False
